Cluster,Jumlah_Pelanggan,Rata_Rata_Usia,Rata_Rata_Pendapatan,Rata_Rata_Spending,Silhouette_Score_Model
0,45,56.3,54.3,49.1,0.4284167762892593
1,39,26.8,57.1,48.1,0.4284167762892593
2,33,41.9,88.9,17.0,0.4284167762892593
3,39,32.7,86.5,82.1,0.4284167762892593
4,23,25.0,25.3,77.6,0.4284167762892593
5,21,45.5,26.3,19.4,0.4284167762892593
